"","location","date","new_cases"
"1","Gambia",2020-03-17,1
"2","Gambia",2020-03-18,0
"3","Gambia",2020-03-19,0
"4","Gambia",2020-03-20,0
"5","Gambia",2020-03-21,0
"6","Gambia",2020-03-22,0
"7","Gambia",2020-03-23,1
"8","Gambia",2020-03-24,1
"9","Gambia",2020-03-25,0
"10","Gambia",2020-03-26,0
"11","Gambia",2020-03-27,0
"12","Gambia",2020-03-28,0
"13","Gambia",2020-03-29,1
"14","Gambia",2020-03-30,0
"15","Gambia",2020-03-31,0
"16","Gambia",2020-04-01,0
"17","Gambia",2020-04-02,0
"18","Gambia",2020-04-03,0
"19","Gambia",2020-04-04,0
"20","Gambia",2020-04-05,0
"21","Gambia",2020-04-06,0
"22","Gambia",2020-04-07,0
"23","Gambia",2020-04-08,0
"24","Gambia",2020-04-09,0
"25","Gambia",2020-04-10,0
"26","Gambia",2020-04-11,5
"27","Gambia",2020-04-12,0
"28","Gambia",2020-04-13,0
"29","Gambia",2020-04-14,0
"30","Gambia",2020-04-15,0
"31","Gambia",2020-04-16,0
"32","Gambia",2020-04-17,0
"33","Gambia",2020-04-18,0
"34","Gambia",2020-04-19,1
"35","Gambia",2020-04-20,0
"36","Gambia",2020-04-21,0
"37","Gambia",2020-04-22,0
"38","Gambia",2020-04-23,0
"39","Gambia",2020-04-24,0
"40","Gambia",2020-04-25,0
"41","Gambia",2020-04-26,0
"42","Gambia",2020-04-27,0
"43","Gambia",2020-04-28,0
"44","Gambia",2020-04-29,0
"45","Gambia",2020-04-30,1
"46","Gambia",2020-05-01,1
"47","Gambia",2020-05-02,5
"48","Gambia",2020-05-03,0
"49","Gambia",2020-05-04,0
"50","Gambia",2020-05-05,0
"51","Gambia",2020-05-06,0
"52","Gambia",2020-05-07,1
"53","Gambia",2020-05-08,2
"54","Gambia",2020-05-09,0
"55","Gambia",2020-05-10,0
"56","Gambia",2020-05-11,2
"57","Gambia",2020-05-12,0
"58","Gambia",2020-05-13,1
"59","Gambia",2020-05-14,0
"60","Gambia",2020-05-15,0
"61","Gambia",2020-05-16,0
"62","Gambia",2020-05-17,0
"63","Gambia",2020-05-18,1
"64","Gambia",2020-05-19,0
"65","Gambia",2020-05-20,0
"66","Gambia",2020-05-21,0
"67","Gambia",2020-05-22,1
"68","Gambia",2020-05-23,0
"69","Gambia",2020-05-24,0
"70","Gambia",2020-05-25,0
"71","Gambia",2020-05-26,0
"72","Gambia",2020-05-27,0
"73","Gambia",2020-05-28,0
"74","Gambia",2020-05-29,0
"75","Gambia",2020-05-30,0
"76","Gambia",2020-05-31,0
"77","Gambia",2020-06-01,0
"78","Gambia",2020-06-02,0
"79","Gambia",2020-06-03,1
"80","Gambia",2020-06-04,0
"81","Gambia",2020-06-05,0
"82","Gambia",2020-06-06,0
"83","Gambia",2020-06-07,0
"84","Gambia",2020-06-08,2
"85","Gambia",2020-06-09,0
"86","Gambia",2020-06-10,0
"87","Gambia",2020-06-11,0
"88","Gambia",2020-06-12,0
"89","Gambia",2020-06-13,0
"90","Gambia",2020-06-14,0
"91","Gambia",2020-06-15,2
"92","Gambia",2020-06-16,4
"93","Gambia",2020-06-17,0
"94","Gambia",2020-06-18,2
"95","Gambia",2020-06-19,0
"96","Gambia",2020-06-20,1
"97","Gambia",2020-06-21,0
"98","Gambia",2020-06-22,4
"99","Gambia",2020-06-23,1
"100","Gambia",2020-06-24,0
"101","Gambia",2020-06-25,1
"102","Gambia",2020-06-26,0
"103","Gambia",2020-06-27,1
"104","Gambia",2020-06-28,1
"105","Gambia",2020-06-29,2
"106","Gambia",2020-06-30,2
"107","Gambia",2020-07-01,0
"108","Gambia",2020-07-02,6
"109","Gambia",2020-07-03,0
"110","Gambia",2020-07-04,2
"111","Gambia",2020-07-05,0
"112","Gambia",2020-07-06,4
"113","Gambia",2020-07-07,0
"114","Gambia",2020-07-08,0
"115","Gambia",2020-07-09,2
"116","Gambia",2020-07-10,1
"117","Gambia",2020-07-11,0
"118","Gambia",2020-07-12,0
"119","Gambia",2020-07-13,0
"120","Gambia",2020-07-14,0
"121","Gambia",2020-07-15,0
"122","Gambia",2020-07-16,14
"123","Gambia",2020-07-17,0
"124","Gambia",2020-07-18,15
"125","Gambia",2020-07-19,0
"126","Gambia",2020-07-20,19
"127","Gambia",2020-07-21,0
"128","Gambia",2020-07-22,34
"129","Gambia",2020-07-23,24
"130","Gambia",2020-07-24,46
"131","Gambia",2020-07-25,61
"132","Gambia",2020-07-26,0
"133","Gambia",2020-07-27,49
"134","Gambia",2020-07-28,0
"135","Gambia",2020-07-29,0
"136","Gambia",2020-07-30,77
"137","Gambia",2020-07-31,95
"138","Gambia",2020-08-01,0
"139","Gambia",2020-08-02,0
"140","Gambia",2020-08-03,0
"141","Gambia",2020-08-04,173
"142","Gambia",2020-08-05,128
"143","Gambia",2020-08-06,136
"144","Gambia",2020-08-07,155
"145","Gambia",2020-08-08,0
"146","Gambia",2020-08-09,145
"147","Gambia",2020-08-10,0
"148","Gambia",2020-08-11,111
"149","Gambia",2020-08-12,131
"150","Gambia",2020-08-13,79
"151","Gambia",2020-08-14,67
"152","Gambia",2020-08-15,66
"153","Gambia",2020-08-16,183
"154","Gambia",2020-08-17,0
"155","Gambia",2020-08-18,244
"156","Gambia",2020-08-19,172
"157","Gambia",2020-08-20,113
"158","Gambia",2020-08-21,36
"159","Gambia",2020-08-22,0
"160","Gambia",2020-08-23,248
"161","Gambia",2020-08-24,NA
"162","Gambia",2020-08-25,101
"163","Gambia",2020-08-26,22
"164","Gambia",2020-08-27,35
"165","Gambia",2020-08-28,54
"166","Gambia",2020-08-29,98
"167","Gambia",2020-08-30,68
"168","Gambia",2020-08-31,0
"169","Gambia",2020-09-01,66
"170","Gambia",2020-09-02,38
"171","Gambia",2020-09-03,34
"172","Gambia",2020-09-04,19
"173","Gambia",2020-09-05,30
"174","Gambia",2020-09-06,47
"175","Gambia",2020-09-07,0
"176","Gambia",2020-09-08,78
"177","Gambia",2020-09-09,18
"178","Gambia",2020-09-10,37
"179","Gambia",2020-09-11,32
"180","Gambia",2020-09-12,14
"181","Gambia",2020-09-13,29
"182","Gambia",2020-09-14,0
"183","Gambia",2020-09-15,23
"184","Gambia",2020-09-16,12
"185","Gambia",2020-09-17,33
"186","Gambia",2020-09-18,12
"187","Gambia",2020-09-19,19
"188","Gambia",2020-09-20,22
"189","Gambia",2020-09-21,0
"190","Gambia",2020-09-22,14
"191","Gambia",2020-09-23,2
"192","Gambia",2020-09-24,10
"193","Gambia",2020-09-25,3
"194","Gambia",2020-09-26,0
"195","Gambia",2020-09-27,14
"196","Gambia",2020-09-28,0
"197","Gambia",2020-09-29,10
"198","Gambia",2020-09-30,0
"199","Gambia",2020-10-01,5
"200","Gambia",2020-10-02,1
"201","Gambia",2020-10-03,5
"202","Gambia",2020-10-04,4
"203","Gambia",2020-10-05,0
"204","Gambia",2020-10-06,19
"205","Gambia",2020-10-07,0
"206","Gambia",2020-10-08,4
"207","Gambia",2020-10-09,4
"208","Gambia",2020-10-10,7
"209","Gambia",2020-10-11,4
"210","Gambia",2020-10-12,4
"211","Gambia",2020-10-13,0
"212","Gambia",2020-10-14,6
"213","Gambia",2020-10-15,2
"214","Gambia",2020-10-16,5
"215","Gambia",2020-10-17,0
"216","Gambia",2020-10-18,0
"217","Gambia",2020-10-19,0
"218","Gambia",2020-10-20,6
"219","Gambia",2020-10-21,2
"220","Gambia",2020-10-22,2
"221","Gambia",2020-10-23,0
"222","Gambia",2020-10-24,0
"223","Gambia",2020-10-25,1
"224","Gambia",2020-10-26,5
"225","Gambia",2020-10-27,1
"226","Gambia",2020-10-28,0
"227","Gambia",2020-10-29,0
"228","Gambia",2020-10-30,4
"229","Gambia",2020-10-31,2
"230","Gambia",2020-11-01,0
"231","Gambia",2020-11-02,0
"232","Gambia",2020-11-03,7
"233","Gambia",2020-11-04,1
"234","Gambia",2020-11-05,1
"235","Gambia",2020-11-06,3
"236","Gambia",2020-11-07,0
"237","Gambia",2020-11-08,0
"238","Gambia",2020-11-09,12
"239","Gambia",2020-11-10,0
"240","Gambia",2020-11-11,1
"241","Gambia",2020-11-12,0
"242","Gambia",2020-11-13,1
"243","Gambia",2020-11-14,4
"244","Gambia",2020-11-15,0
"245","Gambia",2020-11-16,3
"246","Gambia",2020-11-17,0
"247","Gambia",2020-11-18,0
"248","Gambia",2020-11-19,0
"249","Gambia",2020-11-20,1
"250","Gambia",2020-11-21,20
"251","Gambia",2020-11-22,0
"252","Gambia",2020-11-23,0
"253","Gambia",2020-11-24,0
"254","Gambia",2020-11-25,1
"255","Gambia",2020-11-26,1
"256","Gambia",2020-11-27,3
"257","Gambia",2020-11-28,0
"258","Gambia",2020-11-29,3
"259","Gambia",2020-11-30,8
"260","Gambia",2020-12-01,1
"261","Gambia",2020-12-02,22
"262","Gambia",2020-12-03,2
"263","Gambia",2020-12-04,1
"264","Gambia",2020-12-05,2
"265","Gambia",2020-12-06,0
"266","Gambia",2020-12-07,0
"267","Gambia",2020-12-08,6
"268","Gambia",2020-12-09,0
"269","Gambia",2020-12-10,1
"270","Gambia",2020-12-11,2
"271","Gambia",2020-12-12,0
"272","Gambia",2020-12-13,3
"273","Gambia",2020-12-14,0
"274","Gambia",2020-12-15,3
"275","Gambia",2020-12-16,1
"276","Gambia",2020-12-17,0
"277","Gambia",2020-12-18,0
"278","Gambia",2020-12-19,0
"279","Gambia",2020-12-20,0
"280","Gambia",2020-12-21,0
"281","Gambia",2020-12-22,5
"282","Gambia",2020-12-23,0
"283","Gambia",2020-12-24,0
"284","Gambia",2020-12-25,0
"285","Gambia",2020-12-26,0
"286","Gambia",2020-12-27,2
"287","Gambia",2020-12-28,0
"288","Gambia",2020-12-29,4
"289","Gambia",2020-12-30,0
"290","Gambia",2020-12-31,0
"291","Gambia",2021-01-01,3
"292","Gambia",2021-01-02,0
"293","Gambia",2021-01-03,0
"294","Gambia",2021-01-04,0
"295","Gambia",2021-01-05,12
"296","Gambia",2021-01-06,0
"297","Gambia",2021-01-07,21
"298","Gambia",2021-01-08,5
"299","Gambia",2021-01-09,3
"300","Gambia",2021-01-10,16
"301","Gambia",2021-01-11,0
"302","Gambia",2021-01-12,19
"303","Gambia",2021-01-13,9
"304","Gambia",2021-01-14,8
"305","Gambia",2021-01-15,4
"306","Gambia",2021-01-16,0
"307","Gambia",2021-01-17,13
"308","Gambia",2021-01-18,23
"309","Gambia",2021-01-19,5
"310","Gambia",2021-01-20,0
"311","Gambia",2021-01-21,12
"312","Gambia",2021-01-22,8
"313","Gambia",2021-01-23,0
"314","Gambia",2021-01-24,14
"315","Gambia",2021-01-25,36
"316","Gambia",2021-01-26,4
"317","Gambia",2021-01-27,7
"318","Gambia",2021-01-28,0
"319","Gambia",2021-01-29,0
"320","Gambia",2021-01-30,71
"321","Gambia",2021-01-31,0
"322","Gambia",2021-02-01,49
"323","Gambia",2021-02-02,0
"324","Gambia",2021-02-03,45
"325","Gambia",2021-02-04,0
"326","Gambia",2021-02-05,0
"327","Gambia",2021-02-06,53
"328","Gambia",2021-02-07,0
"329","Gambia",2021-02-08,65
"330","Gambia",2021-02-09,0
"331","Gambia",2021-02-10,0
"332","Gambia",2021-02-11,0
"333","Gambia",2021-02-12,0
"334","Gambia",2021-02-13,0
"335","Gambia",2021-02-14,112
"336","Gambia",2021-02-15,0
"337","Gambia",2021-02-16,55
"338","Gambia",2021-02-17,0
"339","Gambia",2021-02-18,41
"340","Gambia",2021-02-19,33
"341","Gambia",2021-02-20,11
"342","Gambia",2021-02-21,0
"343","Gambia",2021-02-22,0
"344","Gambia",2021-02-23,58
"345","Gambia",2021-02-24,28
"346","Gambia",2021-02-25,31
"347","Gambia",2021-02-26,20
"348","Gambia",2021-02-27,0
"349","Gambia",2021-02-28,21
"350","Gambia",2021-03-01,0
"351","Gambia",2021-03-02,0
"352","Gambia",2021-03-03,23
"353","Gambia",2021-03-04,24
"354","Gambia",2021-03-05,0
"355","Gambia",2021-03-06,0
"356","Gambia",2021-03-07,0
"357","Gambia",2021-03-08,33
"358","Gambia",2021-03-09,0
"359","Gambia",2021-03-10,0
"360","Gambia",2021-03-11,0
"361","Gambia",2021-03-12,147
"362","Gambia",2021-03-13,46
"363","Gambia",2021-03-14,0
"364","Gambia",2021-03-15,34
"365","Gambia",2021-03-16,0
"366","Gambia",2021-03-17,66
"367","Gambia",2021-03-18,37
"368","Gambia",2021-03-19,31
"369","Gambia",2021-03-20,0
"370","Gambia",2021-03-21,102
"371","Gambia",2021-03-22,0
"372","Gambia",2021-03-23,0
"373","Gambia",2021-03-24,48
"374","Gambia",2021-03-25,0
"375","Gambia",2021-03-26,62
"376","Gambia",2021-03-27,0
"377","Gambia",2021-03-28,36
"378","Gambia",2021-03-29,19
"379","Gambia",2021-03-30,27
"380","Gambia",2021-03-31,12
"381","Gambia",2021-04-01,0
"382","Gambia",2021-04-02,0
"383","Gambia",2021-04-03,46
"384","Gambia",2021-04-04,0
"385","Gambia",2021-04-05,0
"386","Gambia",2021-04-06,59
"387","Gambia",2021-04-07,0
"388","Gambia",2021-04-08,0
"389","Gambia",2021-04-09,0
"390","Gambia",2021-04-10,38
"391","Gambia",2021-04-11,0
"392","Gambia",2021-04-12,0
"393","Gambia",2021-04-13,0
"394","Gambia",2021-04-14,80
"395","Gambia",2021-04-15,12
"396","Gambia",2021-04-16,26
"397","Gambia",2021-04-17,0
"398","Gambia",2021-04-18,0
"399","Gambia",2021-04-19,0
"400","Gambia",2021-04-20,64
"401","Gambia",2021-04-21,4
"402","Gambia",2021-04-22,32
"403","Gambia",2021-04-23,0
"404","Gambia",2021-04-24,37
"405","Gambia",2021-04-25,0
"406","Gambia",2021-04-26,0
"407","Gambia",2021-04-27,25
"408","Gambia",2021-04-28,3
"409","Gambia",2021-04-29,2
"410","Gambia",2021-04-30,11
"411","Gambia",2021-05-01,0
"412","Gambia",2021-05-02,3
"413","Gambia",2021-05-03,0
"414","Gambia",2021-05-04,13
"415","Gambia",2021-05-05,0
"416","Gambia",2021-05-06,11
"417","Gambia",2021-05-07,0
"418","Gambia",2021-05-08,0
"419","Gambia",2021-05-09,4
"420","Gambia",2021-05-10,0
"421","Gambia",2021-05-11,5
"422","Gambia",2021-05-12,0
"423","Gambia",2021-05-13,0
"424","Gambia",2021-05-14,6
"425","Gambia",2021-05-15,0
"426","Gambia",2021-05-16,0
"427","Gambia",2021-05-17,17
"428","Gambia",2021-05-18,0
"429","Gambia",2021-05-19,9
"430","Gambia",2021-05-20,2
"431","Gambia",2021-05-21,0
"432","Gambia",2021-05-22,0
"433","Gambia",2021-05-23,0
"434","Gambia",2021-05-24,10
"435","Gambia",2021-05-25,0
"436","Gambia",2021-05-26,0
"437","Gambia",2021-05-27,12
"438","Gambia",2021-05-28,0
"439","Gambia",2021-05-29,0
"440","Gambia",2021-05-30,0
"441","Gambia",2021-05-31,3
"442","Gambia",2021-06-01,0
"443","Gambia",2021-06-02,0
"444","Gambia",2021-06-03,2
"445","Gambia",2021-06-04,4
"446","Gambia",2021-06-05,0
"447","Gambia",2021-06-06,0
"448","Gambia",2021-06-07,3
"449","Gambia",2021-06-08,0
"450","Gambia",2021-06-09,0
"451","Gambia",2021-06-10,0
"452","Gambia",2021-06-11,6
"453","Gambia",2021-06-12,0
"454","Gambia",2021-06-13,0
"455","Gambia",2021-06-14,8
"456","Gambia",2021-06-15,0
"457","Gambia",2021-06-16,8
"458","Gambia",2021-06-17,0
"459","Gambia",2021-06-18,0
"460","Gambia",2021-06-19,0
"461","Gambia",2021-06-20,0
"462","Gambia",2021-06-21,21
"463","Gambia",2021-06-22,0
"464","Gambia",2021-06-23,0
"465","Gambia",2021-06-24,9
"466","Gambia",2021-06-25,11
"467","Gambia",2021-06-26,4
"468","Gambia",2021-06-27,0
"469","Gambia",2021-06-28,0
"470","Gambia",2021-06-29,10
"471","Gambia",2021-06-30,0
"472","Gambia",2021-07-01,0
"473","Gambia",2021-07-02,0
"474","Gambia",2021-07-03,0
"475","Gambia",2021-07-04,0
"476","Gambia",2021-07-05,37
"477","Gambia",2021-07-06,0
"478","Gambia",2021-07-07,0
"479","Gambia",2021-07-08,67
"480","Gambia",2021-07-09,0
"481","Gambia",2021-07-10,99
"482","Gambia",2021-07-11,0
"483","Gambia",2021-07-12,46
"484","Gambia",2021-07-13,86
"485","Gambia",2021-07-14,107
"486","Gambia",2021-07-15,89
"487","Gambia",2021-07-16,0
"488","Gambia",2021-07-17,0
"489","Gambia",2021-07-18,310
"490","Gambia",2021-07-19,0
"491","Gambia",2021-07-20,0
"492","Gambia",2021-07-21,0
"493","Gambia",2021-07-22,241
"494","Gambia",2021-07-23,0
"495","Gambia",2021-07-24,172
"496","Gambia",2021-07-25,0
"497","Gambia",2021-07-26,0
"498","Gambia",2021-07-27,0
"499","Gambia",2021-07-28,376
"500","Gambia",2021-07-29,0
"501","Gambia",2021-07-30,0
"502","Gambia",2021-07-31,0
"503","Gambia",2021-08-01,0
"504","Gambia",2021-08-02,0
"505","Gambia",2021-08-03,587
"506","Gambia",2021-08-04,96
"507","Gambia",2021-08-05,113
"508","Gambia",2021-08-06,0
"509","Gambia",2021-08-07,98
"510","Gambia",2021-08-08,0
"511","Gambia",2021-08-09,0
"512","Gambia",2021-08-10,0
"513","Gambia",2021-08-11,317
"514","Gambia",2021-08-12,0
"515","Gambia",2021-08-13,0
"516","Gambia",2021-08-14,0
"517","Gambia",2021-08-15,275
"518","Gambia",2021-08-16,0
"519","Gambia",2021-08-17,0
"520","Gambia",2021-08-18,123
"521","Gambia",2021-08-19,0
"522","Gambia",2021-08-20,46
"523","Gambia",2021-08-21,0
"524","Gambia",2021-08-22,75
"525","Gambia",2021-08-23,31
"526","Gambia",2021-08-24,0
"527","Gambia",2021-08-25,0
"528","Gambia",2021-08-26,63
"529","Gambia",2021-08-27,0
"530","Gambia",2021-08-28,0
"531","Gambia",2021-08-29,93
"532","Gambia",2021-08-30,72
"533","Gambia",2021-08-31,0
"534","Gambia",2021-09-01,17
"535","Gambia",2021-09-02,0
"536","Gambia",2021-09-03,21
"537","Gambia",2021-09-04,0
"538","Gambia",2021-09-05,0
"539","Gambia",2021-09-06,53
"540","Gambia",2021-09-07,0
"541","Gambia",2021-09-08,0
"542","Gambia",2021-09-09,31
"543","Gambia",2021-09-10,0
"544","Gambia",2021-09-11,0
"545","Gambia",2021-09-12,28
"546","Gambia",2021-09-13,0
"547","Gambia",2021-09-14,0
"548","Gambia",2021-09-15,19
"549","Gambia",2021-09-16,0
"550","Gambia",2021-09-17,0
"551","Gambia",2021-09-18,0
"552","Gambia",2021-09-19,21
"553","Gambia",2021-09-20,0
"554","Gambia",2021-09-21,12
"555","Gambia",2021-09-22,0
"556","Gambia",2021-09-23,1
"557","Gambia",2021-09-24,10
"558","Gambia",2021-09-25,0
"559","Gambia",2021-09-26,19
"560","Gambia",2021-09-27,0
"561","Gambia",2021-09-28,0
"562","Gambia",2021-09-29,4
"563","Gambia",2021-09-30,0
"564","Gambia",2021-10-01,1
"565","Gambia",2021-10-02,0
"566","Gambia",2021-10-03,0
"567","Gambia",2021-10-04,0
"568","Gambia",2021-10-05,0
"569","Gambia",2021-10-06,4
"570","Gambia",2021-10-07,0
"571","Gambia",2021-10-08,0
"572","Gambia",2021-10-09,0
"573","Gambia",2021-10-10,2
"574","Gambia",2021-10-11,0
"575","Gambia",2021-10-12,2
"576","Gambia",2021-10-13,0
"577","Gambia",2021-10-14,0
"578","Gambia",2021-10-15,3
"579","Gambia",2021-10-16,0
"580","Gambia",2021-10-17,0
"581","Gambia",2021-10-18,0
"582","Gambia",2021-10-19,0
"583","Gambia",2021-10-20,0
"584","Gambia",2021-10-21,0
"585","Gambia",2021-10-22,10
"586","Gambia",2021-10-23,0
"587","Gambia",2021-10-24,0
"588","Gambia",2021-10-25,0
"589","Gambia",2021-10-26,3
"590","Gambia",2021-10-27,4
"591","Gambia",2021-10-28,0
"592","Gambia",2021-10-29,2
"593","Gambia",2021-10-30,0
"594","Gambia",2021-10-31,0
"595","Gambia",2021-11-01,2
"596","Gambia",2021-11-02,6
"597","Gambia",2021-11-03,0
"598","Gambia",2021-11-04,0
"599","Gambia",2021-11-05,0
"600","Gambia",2021-11-06,0
"601","Gambia",2021-11-07,0
"602","Gambia",2021-11-08,0
"603","Gambia",2021-11-09,6
"604","Gambia",2021-11-10,1
"605","Gambia",2021-11-11,0
"606","Gambia",2021-11-12,0
"607","Gambia",2021-11-13,0
"608","Gambia",2021-11-14,0
"609","Gambia",2021-11-15,0
"610","Gambia",2021-11-16,6
"611","Gambia",2021-11-17,0
"612","Gambia",2021-11-18,0
"613","Gambia",2021-11-19,0
"614","Gambia",2021-11-20,0
"615","Gambia",2021-11-21,2
"616","Gambia",2021-11-22,0
"617","Gambia",2021-11-23,0
"618","Gambia",2021-11-24,0
"619","Gambia",2021-11-25,1
"620","Gambia",2021-11-26,0
"621","Gambia",2021-11-27,0
"622","Gambia",2021-11-28,0
"623","Gambia",2021-11-29,0
"624","Gambia",2021-11-30,0
"625","Gambia",2021-12-01,0
"626","Gambia",2021-12-02,3
"627","Gambia",2021-12-03,0
"628","Gambia",2021-12-04,0
"629","Gambia",2021-12-05,0
"630","Gambia",2021-12-06,6
"631","Gambia",2021-12-07,0
"632","Gambia",2021-12-08,0
"633","Gambia",2021-12-09,0
"634","Gambia",2021-12-10,0
"635","Gambia",2021-12-11,0
"636","Gambia",2021-12-12,36
"637","Gambia",2021-12-13,0
"638","Gambia",2021-12-14,11
"639","Gambia",2021-12-15,0
"640","Gambia",2021-12-16,0
"641","Gambia",2021-12-17,6
"642","Gambia",2021-12-18,0
"643","Gambia",2021-12-19,0
"644","Gambia",2021-12-20,0
"645","Gambia",2021-12-21,27
"646","Gambia",2021-12-22,0
"647","Gambia",2021-12-23,9
"648","Gambia",2021-12-24,0
"649","Gambia",2021-12-25,0
"650","Gambia",2021-12-26,0
"651","Gambia",2021-12-27,49
"652","Gambia",2021-12-28,0
"653","Gambia",2021-12-29,0
"654","Gambia",2021-12-30,0
"655","Gambia",2021-12-31,34
"656","Gambia",2022-01-01,0
"657","Gambia",2022-01-02,0
"658","Gambia",2022-01-03,0
"659","Gambia",2022-01-04,206
"660","Gambia",2022-01-05,0
"661","Gambia",2022-01-06,416
"662","Gambia",2022-01-07,0
"663","Gambia",2022-01-08,0
"664","Gambia",2022-01-09,0
"665","Gambia",2022-01-10,0
"666","Gambia",2022-01-11,330
"667","Gambia",2022-01-12,0
"668","Gambia",2022-01-13,0
"669","Gambia",2022-01-14,0
"670","Gambia",2022-01-15,0
"671","Gambia",2022-01-16,0
"672","Gambia",2022-01-17,450
"673","Gambia",2022-01-18,0
"674","Gambia",2022-01-19,0
"675","Gambia",2022-01-20,0
"676","Gambia",2022-01-21,0
"677","Gambia",2022-01-22,0
"678","Gambia",2022-01-23,0
"679","Gambia",2022-01-24,0
"680","Gambia",2022-01-25,0
"681","Gambia",2022-01-26,0
"682","Gambia",2022-01-27,0
"683","Gambia",2022-01-28,0
"684","Gambia",2022-01-29,270
"685","Gambia",2022-01-30,0
"686","Gambia",2022-01-31,0
"687","Gambia",2022-02-01,21
"688","Gambia",2022-02-02,0
"689","Gambia",2022-02-03,0
"690","Gambia",2022-02-04,17
"691","Gambia",2022-02-05,0
"692","Gambia",2022-02-06,0
"693","Gambia",2022-02-07,0
"694","Gambia",2022-02-08,0
"695","Gambia",2022-02-09,31
"696","Gambia",2022-02-10,0
"697","Gambia",2022-02-11,0
"698","Gambia",2022-02-12,0
"699","Gambia",2022-02-13,0
"700","Gambia",2022-02-14,0
"701","Gambia",2022-02-15,0
"702","Gambia",2022-02-16,13
"703","Gambia",2022-02-17,0
"704","Gambia",2022-02-18,0
"705","Gambia",2022-02-19,0
"706","Gambia",2022-02-20,0
"707","Gambia",2022-02-21,0
"708","Gambia",2022-02-22,0
"709","Gambia",2022-02-23,0
"710","Gambia",2022-02-24,0
"711","Gambia",2022-02-25,0
"712","Gambia",2022-02-26,0
"713","Gambia",2022-02-27,0
"714","Gambia",2022-02-28,15
"715","Gambia",2022-03-01,0
"716","Gambia",2022-03-02,0
"717","Gambia",2022-03-03,9
"718","Gambia",2022-03-04,0
"719","Gambia",2022-03-05,0
"720","Gambia",2022-03-06,0
"721","Gambia",2022-03-07,0
"722","Gambia",2022-03-08,15
"723","Gambia",2022-03-09,0
"724","Gambia",2022-03-10,0
"725","Gambia",2022-03-11,0
"726","Gambia",2022-03-12,0
"727","Gambia",2022-03-13,0
"728","Gambia",2022-03-14,10
"729","Gambia",2022-03-15,0
"730","Gambia",2022-03-16,0
"731","Gambia",2022-03-17,0
"732","Gambia",2022-03-18,5
"733","Gambia",2022-03-19,0
"734","Gambia",2022-03-20,0
"735","Gambia",2022-03-21,0
"736","Gambia",2022-03-22,0
"737","Gambia",2022-03-23,0
"738","Gambia",2022-03-24,0
"739","Gambia",2022-03-25,8
"740","Gambia",2022-03-26,0
"741","Gambia",2022-03-27,0
"742","Gambia",2022-03-28,0
"743","Gambia",2022-03-29,2
"744","Gambia",2022-03-30,0
"745","Gambia",2022-03-31,0
"746","Gambia",2022-04-01,0
"747","Gambia",2022-04-02,0
"748","Gambia",2022-04-03,0
"749","Gambia",2022-04-04,1
"750","Gambia",2022-04-05,1
"751","Gambia",2022-04-06,0
"752","Gambia",2022-04-07,0
"753","Gambia",2022-04-08,0
"754","Gambia",2022-04-09,0
"755","Gambia",2022-04-10,0
"756","Gambia",2022-04-11,0
"757","Gambia",2022-04-12,0
"758","Gambia",2022-04-13,0
"759","Gambia",2022-04-14,4
"760","Gambia",2022-04-15,0
"761","Gambia",2022-04-16,0
"762","Gambia",2022-04-17,0
"763","Gambia",2022-04-18,0
"764","Gambia",2022-04-19,0
"765","Gambia",2022-04-20,1
"766","Gambia",2022-04-21,0
"767","Gambia",2022-04-22,0
"768","Gambia",2022-04-23,0
"769","Gambia",2022-04-24,0
"770","Gambia",2022-04-25,0
"771","Gambia",2022-04-26,0
"772","Gambia",2022-04-27,0
"773","Gambia",2022-04-28,0
"774","Gambia",2022-04-29,0
"775","Gambia",2022-04-30,0
"776","Gambia",2022-05-01,0
"777","Gambia",2022-05-02,0
"778","Gambia",2022-05-03,0
"779","Gambia",2022-05-04,0
"780","Gambia",2022-05-05,0
"781","Gambia",2022-05-06,0
"782","Gambia",2022-05-07,0
"783","Gambia",2022-05-08,0
"784","Gambia",2022-05-09,1
"785","Gambia",2022-05-10,0
"786","Gambia",2022-05-11,0
"787","Gambia",2022-05-12,0
"788","Gambia",2022-05-13,3
"789","Gambia",2022-05-14,0
"790","Gambia",2022-05-15,0
"791","Gambia",2022-05-16,0
"792","Gambia",2022-05-17,0
"793","Gambia",2022-05-18,0
"794","Gambia",2022-05-19,0
"795","Gambia",2022-05-20,0
"796","Gambia",2022-05-21,0
"797","Gambia",2022-05-22,0
"798","Gambia",2022-05-23,0
"799","Gambia",2022-05-24,3
"800","Gambia",2022-05-25,0
"801","Gambia",2022-05-26,0
"802","Gambia",2022-05-27,0
"803","Gambia",2022-05-28,0
"804","Gambia",2022-05-29,0
"805","Gambia",2022-05-30,0
"806","Gambia",2022-05-31,0
"807","Gambia",2022-06-01,0
"808","Gambia",2022-06-02,0
"809","Gambia",2022-06-03,0
"810","Gambia",2022-06-04,0
"811","Gambia",2022-06-05,0
"812","Gambia",2022-06-06,0
"813","Gambia",2022-06-07,0
"814","Gambia",2022-06-08,0
"815","Gambia",2022-06-09,0
"816","Gambia",2022-06-10,0
"817","Gambia",2022-06-11,0
"818","Gambia",2022-06-12,0
"819","Gambia",2022-06-13,0
"820","Gambia",2022-06-14,0
"821","Gambia",2022-06-15,0
"822","Gambia",2022-06-16,0
"823","Gambia",2022-06-17,0
"824","Gambia",2022-06-18,0
"825","Gambia",2022-06-19,0
"826","Gambia",2022-06-20,0
"827","Gambia",2022-06-21,0
"828","Gambia",2022-06-22,0
"829","Gambia",2022-06-23,0
"830","Gambia",2022-06-24,0
"831","Gambia",2022-06-25,0
"832","Gambia",2022-06-26,0
"833","Gambia",2022-06-27,0
"834","Gambia",2022-06-28,0
"835","Gambia",2022-06-29,0
"836","Gambia",2022-06-30,0
"837","Gambia",2022-07-01,0
"838","Gambia",2022-07-02,0
"839","Gambia",2022-07-03,0
"840","Gambia",2022-07-04,0
"841","Gambia",2022-07-05,0
"842","Gambia",2022-07-06,7
"843","Gambia",2022-07-07,0
"844","Gambia",2022-07-08,0
"845","Gambia",2022-07-09,0
"846","Gambia",2022-07-10,0
"847","Gambia",2022-07-11,0
"848","Gambia",2022-07-12,0
"849","Gambia",2022-07-13,0
"850","Gambia",2022-07-14,0
"851","Gambia",2022-07-15,0
"852","Gambia",2022-07-16,0
"853","Gambia",2022-07-17,0
"854","Gambia",2022-07-18,0
"855","Gambia",2022-07-19,19
"856","Gambia",2022-07-20,0
"857","Gambia",2022-07-21,0
"858","Gambia",2022-07-22,0
"859","Gambia",2022-07-23,0
"860","Gambia",2022-07-24,0
"861","Gambia",2022-07-25,0
"862","Gambia",2022-07-26,50
"863","Gambia",2022-07-27,0
"864","Gambia",2022-07-28,0
"865","Gambia",2022-07-29,0
"866","Gambia",2022-07-30,0
"867","Gambia",2022-07-31,0
"868","Gambia",2022-08-01,0
"869","Gambia",2022-08-02,37
"870","Gambia",2022-08-03,34
"871","Gambia",2022-08-04,0
"872","Gambia",2022-08-05,0
"873","Gambia",2022-08-06,0
"874","Gambia",2022-08-07,0
"875","Gambia",2022-08-08,48
"876","Gambia",2022-08-09,0
